solutions,cpu_list,QEMU,CDK,CDS
bare_helloworld,e901-cp/e901b-cp/e901m-cp/e901bm-cp/e901mini-cp/e901minib-cp/e901minizm-cp/e901minibzm-cp/e902/e902m/e902t/e902mt/e906/e906f/e906fd/e906p/e906fp/e906fdp/e907/e907f/e907fd/e907p/e907fp/e907fdp/c906/c906fd/c906fdv/c907/c907fd/c907fdv/c907fdvm/c907-rv32/c907fd-rv32/c907fdv-rv32/c907fdvm-rv32/c908/c908v/c908i/c910v2/c910v3/c910v3-cp/c910v3-cp-xt/c920v2/c920v3/c920v3-cp/c920v3-cp-xt/r910/r908/r908fd/r908fdv/r908-cp/r908fd-cp/r908fdv-cp/r908-cp-xt/r908fd-cp-xt/r908fdv-cp-xt/c908x/c908x-cp/c908x-cp-xt/r920,Y,Y,Y
bare_semihost,e901-cp/e901b-cp/e901m-cp/e901bm-cp/e901mini-cp/e901minib-cp/e901minizm-cp/e901minibzm-cp/e902/e902m/e902t/e902mt/e906/e906f/e906fd/e906p/e906fp/e906fdp/e907/e907f/e907fd/e907p/e907fp/e907fdp/c906/c906fd/c906fdv/c907/c907fd/c907fdv/c907fdvm/c907-rv32/c907fd-rv32/c907fdv-rv32/c907fdvm-rv32/c908/c908v/c908i/c910v2/c910v3/c910v3-cp/c910v3-cp-xt/c920v2/c920v3/c920v3-cp/c920v3-cp-xt/r910/r908/r908fd/r908fdv/r908-cp/r908fd-cp/r908fdv-cp/r908-cp-xt/r908fd-cp-xt/r908fdv-cp-xt/c908x/c908x-cp/c908x-cp-xt/r920,Y,Y,Y
bare_semihost2,e901-cp/e901b-cp/e901m-cp/e901bm-cp/e901mini-cp/e901minib-cp/e901minizm-cp/e901minibzm-cp/e902/e902m/e902t/e902mt/e906/e906f/e906fd/e906p/e906fp/e906fdp/e907/e907f/e907fd/e907p/e907fp/e907fdp/c906/c906fd/c906fdv/c907/c907fd/c907fdv/c907fdvm/c907-rv32/c907fd-rv32/c907fdv-rv32/c907fdvm-rv32/c908/c908v/c908i/c910v2/c910v3/c910v3-cp/c910v3-cp-xt/c920v2/c920v3/c920v3-cp/c920v3-cp-xt/r910/r908/r908fd/r908fdv/r908-cp/r908fd-cp/r908fdv-cp/r908-cp-xt/r908fd-cp-xt/r908fdv-cp-xt/c908x/c908x-cp/c908x-cp-xt/r920,Y,Y,Y
bare_cpp_demo,e901-cp/e901b-cp/e901m-cp/e901bm-cp/e901mini-cp/e901minib-cp/e901minizm-cp/e901minibzm-cp/e906/e906f/e906fd/e906p/e906fp/e906fdp/e907/e907f/e907fd/e907p/e907fp/e907fdp/c906/c906fd/c906fdv/c907/c907fd/c907fdv/c907fdvm/c907-rv32/c907fd-rv32/c907fdv-rv32/c907fdvm-rv32/c908/c908v/c908i/c910v2/c910v3/c910v3-cp/c910v3-cp-xt/c920v2/c920v3/c920v3-cp/c920v3-cp-xt/r910/r908/r908fd/r908fdv/r908-cp/r908fd-cp/r908fdv-cp/r908-cp-xt/r908fd-cp-xt/r908fdv-cp-xt/c908x/c908x-cp/c908x-cp-xt/r920,Y,Y,Y
bare_drv_uart,e901-cp/e901b-cp/e901m-cp/e901bm-cp/e901mini-cp/e901minib-cp/e901minizm-cp/e901minibzm-cp/e902/e902m/e902t/e902mt/e906/e906f/e906fd/e906p/e906fp/e906fdp/e907/e907f/e907fd/e907p/e907fp/e907fdp/c906/c906fd/c906fdv/c907/c907fd/c907fdv/c907fdvm/c907-rv32/c907fd-rv32/c907fdv-rv32/c907fdvm-rv32/c908/c908v/c908i/c910v2/c910v3/c910v3-cp/c910v3-cp-xt/c920v2/c920v3/c920v3-cp/c920v3-cp-xt/r910/r908/r908fd/r908fdv/r908-cp/r908fd-cp/r908fdv-cp/r908-cp-xt/r908fd-cp-xt/r908fdv-cp-xt/c908x/c908x-cp/c908x-cp-xt/r920,Y,Y,Y
bare_drv_timer,e901-cp/e901b-cp/e901m-cp/e901bm-cp/e901mini-cp/e901minib-cp/e901minizm-cp/e901minibzm-cp/e902/e902m/e902t/e902mt/e906/e906f/e906fd/e906p/e906fp/e906fdp/e907/e907f/e907fd/e907p/e907fp/e907fdp/c906/c906fd/c906fdv/c907/c907fd/c907fdv/c907fdvm/c907-rv32/c907fd-rv32/c907fdv-rv32/c907fdvm-rv32/c908/c908v/c908i/c910v2/c910v3/c910v3-cp/c910v3-cp-xt/c920v2/c920v3/c920v3-cp/c920v3-cp-xt/r910/r908/r908fd/r908fdv/r908-cp/r908fd-cp/r908fdv-cp/r908-cp-xt/r908fd-cp-xt/r908fdv-cp-xt/c908x/c908x-cp/c908x-cp-xt/r920,N,Y,Y
bare_core_vic,e901-cp/e901b-cp/e901m-cp/e901bm-cp/e901mini-cp/e901minib-cp/e901minizm-cp/e901minibzm-cp/e902/e902m/e902t/e902mt/e906/e906f/e906fd/e906p/e906fp/e906fdp/e907/e907f/e907fd/e907p/e907fp/e907fdp/c906/c906fd/c906fdv/c907/c907fd/c907fdv/c907fdvm/c907-rv32/c907fd-rv32/c907fdv-rv32/c907fdvm-rv32/c908/c908v/c908i/c910v2/c910v3/c910v3-cp/c910v3-cp-xt/c920v2/c920v3/c920v3-cp/c920v3-cp-xt/r910/r908/r908fd/r908fdv/r908-cp/r908fd-cp/r908fdv-cp/r908-cp-xt/r908fd-cp-xt/r908fdv-cp-xt/c908x/c908x-cp/c908x-cp-xt/r920,Y,Y,Y
bare_core_vic2,e901-cp/e901b-cp/e901m-cp/e901bm-cp/e902/e902m/e902t/e902mt,N,N,N
bare_core_ecc,c907/c907fd/c907fdv/c907fdvm/c907-rv32/c907fd-rv32/c907fdv-rv32/c907fdvm-rv32/c908/c908v/c908i/c910v2/c910v3/c910v3-cp/c910v3-cp-xt/c920v2/c920v3/c920v3-cp/c920v3-cp-xt/r910/r908/r908fd/r908fdv/r908-cp/r908fd-cp/r908fdv-cp/r908-cp-xt/r908fd-cp-xt/r908fdv-cp-xt/c908x/c908x-cp/c908x-cp-xt/r920,N,Y,Y
bare_core_tcm,e907/e907f/e907fd/e907p/e907fp/e907fdp/r908/r908fd/r908fdv/r908-cp/r908fd-cp/r908fdv-cp/r908-cp-xt/r908fd-cp-xt/r908fdv-cp-xt,Y,Y,Y
bare_core_lockup,e901-cp/e901b-cp/e901m-cp/e901bm-cp/e901mini-cp/e901minib-cp/e901minizm-cp/e901minibzm-cp/e902/e902m/e902t/e902mt/e906/e906f/e906fd/e906p/e906fp/e906fdp/e907/e907f/e907fd/e907p/e907fp/e907fdp,N,Y,Y
bare_core_nmi,e901-cp/e901b-cp/e901m-cp/e901bm-cp/e901mini-cp/e901minib-cp/e901minizm-cp/e901minibzm-cp/e902/e902m/e902t/e902mt/e906/e906f/e906fd/e906p/e906fp/e906fdp/e907/e907f/e907fd/e907p/e907fp/e907fdp,N,Y,Y
bare_core_wfe,e901-cp/e901b-cp/e901m-cp/e901bm-cp/e901mini-cp/e901minib-cp/e901minizm-cp/e901minibzm-cp/e902/e902m/e902t/e902mt/e906/e906f/e906fd/e906p/e906fp/e906fdp/e907/e907f/e907fd/e907p/e907fp/e907fdp,N,Y,Y
bare_core_wfi,e901-cp/e901b-cp/e901m-cp/e901bm-cp/e901mini-cp/e901minib-cp/e901minizm-cp/e901minibzm-cp/e902/e902m/e902t/e902mt/e906/e906f/e906fd/e906p/e906fp/e906fdp/e907/e907f/e907fd/e907p/e907fp/e907fdp,N,Y,Y
bare_core_dsp,e906p/e906fp/e906fdp/e907p/e907fp/e907fdp,Y,Y,Y
bare_core_vector,c906fdv/c907fdv/c907fdvm/c907fdv-rv32/c907fdvm-rv32/c908v/c920v2/c920v3/c920v3-cp/c920v3-cp-xt/r908fdv/r908fdv-cp/r908fdv-cp-xt/c908x/c908x-cp/c908x-cp-xt/r920,Y,Y,Y
bare_core_ai,c908x/c908x-cp/c908x-cp-xt,Y,Y,Y
bare_core_matrix,c907fdvm,Y,Y,Y
bare_coremark,e901-cp/e901b-cp/e901m-cp/e901bm-cp/e901mini-cp/e901minib-cp/e901minizm-cp/e901minibzm-cp/e902/e902m/e902t/e902mt/e906/e906f/e906fd/e906p/e906fp/e906fdp/e907/e907f/e907fd/e907p/e907fp/e907fdp/c906/c906fd/c906fdv/c907/c907fd/c907fdv/c907fdvm/c907-rv32/c907fd-rv32/c907fdv-rv32/c907fdvm-rv32/c908/c908v/c908i/c910v2/c910v3/c910v3-cp/c910v3-cp-xt/c920v2/c920v3/c920v3-cp/c920v3-cp-xt/r910/r908/r908fd/r908fdv/r908-cp/r908fd-cp/r908fdv-cp/r908-cp-xt/r908fd-cp-xt/r908fdv-cp-xt/c908x/c908x-cp/c908x-cp-xt/r920,N,Y,Y
bare_dhrystone,e901-cp/e901b-cp/e901m-cp/e901bm-cp/e901mini-cp/e901minib-cp/e901minizm-cp/e901minibzm-cp/e902/e902m/e902t/e902mt/e906/e906f/e906fd/e906p/e906fp/e906fdp/e907/e907f/e907fd/e907p/e907fp/e907fdp/c906/c906fd/c906fdv/c907/c907fd/c907fdv/c907fdvm/c907-rv32/c907fd-rv32/c907fdv-rv32/c907fdvm-rv32/c908/c908v/c908i/c910v2/c910v3/c910v3-cp/c910v3-cp-xt/c920v2/c920v3/c920v3-cp/c920v3-cp-xt/r910/r908/r908fd/r908fdv/r908-cp/r908fd-cp/r908fdv-cp/r908-cp-xt/r908fd-cp-xt/r908fdv-cp-xt/c908x/c908x-cp/c908x-cp-xt/r920,N,Y,Y
bare_linpack_dp,e906fd/e906fdp/e907fd/e907fdp/c906fd/c906fdv/c907fd/c907fdv/c907fdvm/c907fd-rv32/c907fdv-rv32/c907fdvm-rv32/c908/c908v/c910v2/c910v3/c910v3-cp/c910v3-cp-xt/c920v2/c920v3/c920v3-cp/c920v3-cp-xt/r910/r908fd/r908fdv/r908fd-cp/r908fdv-cp/r908fd-cp-xt/r908fdv-cp-xt/c908x/c908x-cp/c908x-cp-xt/r920,N,Y,Y
bare_linpack_sp,e906f/e906fd/e906fp/e906fdp/e907f/e907fd/e907fp/e907fdp/c906fd/c906fdv/c907fd/c907fdv/c907fdvm/c907fd-rv32/c907fdv-rv32/c907fdvm-rv32/c908/c908v/c910v2/c910v3/c910v3-cp/c910v3-cp-xt/c920v2/c920v3/c920v3-cp/c920v3-cp-xt/r908fd/r908fdv/r908fd-cp/r908fdv-cp/r908fd-cp-xt/r908fdv-cp-xt/c908x/c908x-cp/c908x-cp-xt/r910/r920,N,Y,Y
bare_whetstone,e906f/e906fd/e906fp/e906fdp/e907f/e907fd/e907fp/e907fdp/c906fd/c906fdv/c907fd/c907fdv/c907fdvm/c907fd-rv32/c907fdv-rv32/c907fdvm-rv32/c908/c908v/c910v2/c910v3/c910v3-cp/c910v3-cp-xt/c920v2/c920v3/c920v3-cp/c920v3-cp-xt/r910/r908fd/r908fdv/r908fd-cp/r908fdv-cp/r908fd-cp-xt/r908fdv-cp-xt/c908x/c908x-cp/c908x-cp-xt/r920,N,Y,Y
bare_irq_latency,e901-cp/e901b-cp/e901m-cp/e901bm-cp/e902/e907/e907f/e907fd/e907p/e907fp/e907fdp/r908/r908fd/r908fdv/r908-cp/r908fd-cp/r908fdv-cp/r908-cp-xt/r908fd-cp-xt/r908fdv-cp-xt/c908x/c908x-cp/c908x-cp-xt/c910v3/c910v3-cp/c910v3-cp-xt/c920v3/c920v3-cp/c920v3-cp-xt,N,N,N
bare_mem_test,r908/r908fd/r908fdv/r908-cp/r908fd-cp/r908fdv-cp/r908-cp-xt/r908fd-cp-xt/r908fdv-cp-xt/c908x/c908x-cp/c908x-cp-xt,N,N,N
bare_profiling_perf,e902/e902m/e902t/e902mt/e906/e906f/e906fd/e906p/e906fp/e906fdp/e907/e907f/e907fd/e907p/e907fp/e907fdp/c906/c906fd/c906fdv/c907/c907fd/c907fdv/c907fdvm/c907-rv32/c907fd-rv32/c907fdv-rv32/c907fdvm-rv32/c908/c908v/c908i/c910v2/c910v3/c910v3-cp/c910v3-cp-xt/c920v2/c920v3/c920v3-cp/c920v3-cp-xt/r910/r908/r908fd/r908fdv/r908-cp/r908fd-cp/r908fdv-cp/r908-cp-xt/r908fd-cp-xt/r908fdv-cp-xt/c908x/c908x-cp/c908x-cp-xt,Y,N,N
bare_pie_demo,c908/c908v/c908i,Y,Y,Y
bare_boot_from_itcm,r908/r908fd/r908fdv/r908-cp/r908fd-cp/r908fdv-cp/r908-cp-xt/r908fd-cp-xt/r908fdv-cp-xt,N,N,N
bare_audio_test,e906p/e906fp/e906fdp/e907p/e907fp/e907fdp/,Y,Y,Y
rtthread_helloworld,e901-cp/e901b-cp/e901m-cp/e901bm-cp/e901mini-cp/e901minib-cp/e901minizm-cp/e901minibzm-cp/e902/e902m/e902t/e902mt/e906/e906f/e906fd/e906p/e906fp/e906fdp/e907/e907f/e907fd/e907p/e907fp/e907fdp/c906/c906fd/c906fdv/c907/c907fd/c907fdv/c907fdvm/c907-rv32/c907fd-rv32/c907fdv-rv32/c907fdvm-rv32/c908/c908v/c908i/c910v2/c910v3/c910v3-cp/c910v3-cp-xt/c920v2/c920v3/c920v3-cp/c920v3-cp-xt/r910/r908/r908fd/r908fdv/r908-cp/r908fd-cp/r908fdv-cp/r908-cp-xt/r908fd-cp-xt/r908fdv-cp-xt/c908x/c908x-cp/c908x-cp-xt/r920,Y,Y,Y
rtthread_cpp,e901-cp/e901b-cp/e901m-cp/e901bm-cp/e901mini-cp/e901minib-cp/e901minizm-cp/e901minibzm-cp/e906/e906f/e906fd/e906p/e906fp/e906fdp/e907/e907f/e907fd/e907p/e907fp/e907fdp/c906/c906fd/c906fdv/c907/c907fd/c907fdv/c907fdvm/c907-rv32/c907fd-rv32/c907fdv-rv32/c907fdvm-rv32/c908/c908v/c908i/c910v2/c910v3/c910v3-cp/c910v3-cp-xt/c920v2/c920v3/c920v3-cp/c920v3-cp-xt/r910/r908/r908fd/r908fdv/r908-cp/r908fd-cp/r908fdv-cp/r908-cp-xt/r908fd-cp-xt/r908fdv-cp-xt/c908x/c908x-cp/c908x-cp-xt/r920,Y,Y,Y
rtthread_smp,c907/c907fd/c907fdv/c907fdvm/c907-rv32/c907fd-rv32/c907fdv-rv32/c907fdvm-rv32/c908/c908v/c908i/c910v2/c910v3/c910v3-cp/c910v3-cp-xt/c920v2/c920v3/c920v3-cp/c920v3-cp-xt/r910/r908/r908fd/r908fdv/r908-cp/r908fd-cp/r908fdv-cp/r908-cp-xt/r908fd-cp-xt/r908fdv-cp-xt/c908x/c908x-cp/c908x-cp-xt/r920,Y,Y,Y
rtthread_perf,e902/e902m/e902t/e902mt/e906/e906f/e906fd/e906p/e906fp/e906fdp/e907/e907f/e907fd/e907p/e907fp/e907fdp/c906/c906fd/c906fdv/c907/c907fd/c907fdv/c907fdvm/c907-rv32/c907fd-rv32/c907fdv-rv32/c907fdvm-rv32/c908/c908v/c908i/c910v2/c910v3/c910v3-cp/c910v3-cp-xt/c920v2/c920v3/c920v3-cp/c920v3-cp-xt/r910/r908/r908fd/r908fdv/r908-cp/r908fd-cp/r908fdv-cp/r908-cp-xt/r908fd-cp-xt/r908fdv-cp-xt/c908x/c908x-cp/c908x-cp-xt,Y,N,N
rtthread_kernel,e901-cp/e901b-cp/e901m-cp/e901bm-cp/e901mini-cp/e901minib-cp/e901minizm-cp/e901minibzm-cp/e902/e902m/e902t/e902mt/e906/e906f/e906fd/e906p/e906fp/e906fdp/e907/e907f/e907fd/e907p/e907fp/e907fdp/c906/c906fd/c906fdv/c907/c907fd/c907fdv/c907fdvm/c907-rv32/c907fd-rv32/c907fdv-rv32/c907fdvm-rv32/c908/c908v/c908i/c910v2/c910v3/c910v3-cp/c910v3-cp-xt/c920v2/c920v3/c920v3-cp/c920v3-cp-xt/r910/r908/r908fd/r908fdv/r908-cp/r908fd-cp/r908fdv-cp/r908-cp-xt/r908fd-cp-xt/r908fdv-cp-xt/c908x/c908x-cp/c908x-cp-xt/r920,Y,Y,Y
freertos_helloworld,e901-cp/e901b-cp/e901m-cp/e901bm-cp/e901mini-cp/e901minib-cp/e901minizm-cp/e901minibzm-cp/e902/e902m/e902t/e902mt/e906/e906f/e906fd/e906p/e906fp/e906fdp/e907/e907f/e907fd/e907p/e907fp/e907fdp/c906/c906fd/c906fdv/c907/c907fd/c907fdv/c907fdvm/c907-rv32/c907fd-rv32/c907fdv-rv32/c907fdvm-rv32/c908/c908v/c908i/c910v2/c910v3/c910v3-cp/c910v3-cp-xt/c920v2/c920v3/c920v3-cp/c920v3-cp-xt/r910/r908/r908fd/r908fdv/r908-cp/r908fd-cp/r908fdv-cp/r908-cp-xt/r908fd-cp-xt/r908fdv-cp-xt/c908x/c908x-cp/c908x-cp-xt/r920,Y,Y,Y
freertos_cpp,e901-cp/e901b-cp/e901m-cp/e901bm-cp/e901mini-cp/e901minib-cp/e901minizm-cp/e901minibzm-cp/e906/e906f/e906fd/e906p/e906fp/e906fdp/e907/e907f/e907fd/e907p/e907fp/e907fdp/c906/c906fd/c906fdv/c907/c907fd/c907fdv/c907fdvm/c907-rv32/c907fd-rv32/c907fdv-rv32/c907fdvm-rv32/c908/c908v/c908i/c910v2/c910v3/c910v3-cp/c910v3-cp-xt/c920v2/c920v3/c920v3-cp/c920v3-cp-xt/r910/r908/r908fd/r908fdv/r908-cp/r908fd-cp/r908fdv-cp/r908-cp-xt/r908fd-cp-xt/r908fdv-cp-xt/c908x/c908x-cp/c908x-cp-xt/r920,Y,Y,Y
freertos_kernel,e901-cp/e901b-cp/e901m-cp/e901bm-cp/e901mini-cp/e901minib-cp/e901minizm-cp/e901minibzm-cp/e902/e902m/e902t/e902mt/e906/e906f/e906fd/e906p/e906fp/e906fdp/e907/e907f/e907fd/e907p/e907fp/e907fdp/c906/c906fd/c906fdv/c907/c907fd/c907fdv/c907fdvm/c907-rv32/c907fd-rv32/c907fdv-rv32/c907fdvm-rv32/c908/c908v/c908i/c910v2/c910v3/c910v3-cp/c910v3-cp-xt/c920v2/c920v3/c920v3-cp/c920v3-cp-xt/r910/r908/r908fd/r908fdv/r908-cp/r908fd-cp/r908fdv-cp/r908-cp-xt/r908fd-cp-xt/r908fdv-cp-xt/c908x/c908x-cp/c908x-cp-xt/r920,Y,Y,Y
freertos_smp,c907/c907fd/c907fdv/c907fdvm/c907-rv32/c907fd-rv32/c907fdv-rv32/c907fdvm-rv32/c908/c908v/c908i/c910v2/c910v3/c910v3-cp/c910v3-cp-xt/c920v2/c920v3/c920v3-cp/c920v3-cp-xt/r910/r908/r908fd/r908fdv/r908-cp/r908fd-cp/r908fdv-cp/r908-cp-xt/r908fd-cp-xt/r908fdv-cp-xt/c908x/c908x-cp/c908x-cp-xt/r920,Y,Y,Y
freertos_perf,e902/e902m/e902t/e902mt/e906/e906f/e906fd/e906p/e906fp/e906fdp/e907/e907f/e907fd/e907p/e907fp/e907fdp/c906/c906fd/c906fdv/c907/c907fd/c907fdv/c907fdvm/c907-rv32/c907fd-rv32/c907fdv-rv32/c907fdvm-rv32/c908/c908v/c908i/c910v2/c910v3/c910v3-cp/c910v3-cp-xt/c920v2/c920v3/c920v3-cp/c920v3-cp-xt/r910/r908/r908fd/r908fdv/r908-cp/r908fd-cp/r908fdv-cp/r908-cp-xt/r908fd-cp-xt/r908fdv-cp-xt/c908x/c908x-cp/c908x-cp-xt,Y,N,N
osal_helloworld,e901-cp/e901b-cp/e901m-cp/e901bm-cp/e901mini-cp/e901minib-cp/e901minizm-cp/e901minibzm-cp/e902/e902m/e902t/e902mt/e906/e906f/e906fd/e906p/e906fp/e906fdp/e907/e907f/e907fd/e907p/e907fp/e907fdp/c906/c906fd/c906fdv/c907/c907fd/c907fdv/c907fdvm/c907-rv32/c907fd-rv32/c907fdv-rv32/c907fdvm-rv32/c908/c908v/c908i/c910v2/c910v3/c910v3-cp/c910v3-cp-xt/c920v2/c920v3/c920v3-cp/c920v3-cp-xt/r910/r908/r908fd/r908fdv/r908-cp/r908fd-cp/r908fdv-cp/r908-cp-xt/r908fd-cp-xt/r908fdv-cp-xt/c908x/c908x-cp/c908x-cp-xt/r920,Y,Y,Y
osal_semihost2,e901-cp/e901b-cp/e901m-cp/e901bm-cp/e901mini-cp/e901minib-cp/e901minizm-cp/e901minibzm-cp/e902/e902m/e902t/e902mt/e906/e906f/e906fd/e906p/e906fp/e906fdp/e907/e907f/e907fd/e907p/e907fp/e907fdp/c906/c906fd/c906fdv/c907/c907fd/c907fdv/c907fdvm/c907-rv32/c907fd-rv32/c907fdv-rv32/c907fdvm-rv32/c908/c908v/c908i/c910v2/c910v3/c910v3-cp/c910v3-cp-xt/c920v2/c920v3/c920v3-cp/c920v3-cp-xt/r910/r908/r908fd/r908fdv/r908-cp/r908fd-cp/r908fdv-cp/r908-cp-xt/r908fd-cp-xt/r908fdv-cp-xt/c908x/c908x-cp/c908x-cp-xt/r920,Y,Y,Y
osal_kernel_sample,e901-cp/e901b-cp/e901m-cp/e901bm-cp/e901mini-cp/e901minib-cp/e901minizm-cp/e901minibzm-cp/e902/e902m/e902t/e902mt/e906/e906f/e906fd/e906p/e906fp/e906fdp/e907/e907f/e907fd/e907p/e907fp/e907fdp/c906/c906fd/c906fdv/c907/c907fd/c907fdv/c907fdvm/c907-rv32/c907fd-rv32/c907fdv-rv32/c907fdvm-rv32/c908/c908v/c908i/c910v2/c910v3/c910v3-cp/c910v3-cp-xt/c920v2/c920v3/c920v3-cp/c920v3-cp-xt/r910/r908/r908fd/r908fdv/r908-cp/r908fd-cp/r908fdv-cp/r908-cp-xt/r908fd-cp-xt/r908fdv-cp-xt/c908x/c908x-cp/c908x-cp-xt/r920,Y,Y,Y
osal_cpp_demo,e901-cp/e901b-cp/e901m-cp/e901bm-cp/e901mini-cp/e901minib-cp/e901minizm-cp/e901minibzm-cp/e906/e906f/e906fd/e906p/e906fp/e906fdp/e907/e907f/e907fd/e907p/e907fp/e907fdp/c906/c906fd/c906fdv/c907/c907fd/c907fdv/c907fdvm/c907-rv32/c907fd-rv32/c907fdv-rv32/c907fdvm-rv32/c908/c908v/c908i/c910v2/c910v3/c910v3-cp/c910v3-cp-xt/c920v2/c920v3/c920v3-cp/c920v3-cp-xt/r910/r908/r908fd/r908fdv/r908-cp/r908fd-cp/r908fdv-cp/r908-cp-xt/r908fd-cp-xt/r908fdv-cp-xt/c908x/c908x-cp/c908x-cp-xt/r920,Y,Y,Y
osal_smp_demo,c907/c907fd/c907fdv/c907fdvm/c907-rv32/c907fd-rv32/c907fdv-rv32/c907fdvm-rv32/c908/c908v/c908i/c910v2/c910v3/c910v3-cp/c910v3-cp-xt/c920v2/c920v3/c920v3-cp/c920v3-cp-xt/r910/r908/r908fd/r908fdv/r908-cp/r908fd-cp/r908fdv-cp/r908-cp-xt/r908fd-cp-xt/r908fdv-cp-xt/c908x/c908x-cp/c908x-cp-xt/r920,Y,Y,Y
osal_core_dsp,e906p/e906fp/e906fdp/e907p/e907fp/e907fdp,Y,Y,Y
osal_core_vector,c906fdv/c907fdv/c907fdvm/c907fdv-rv32/c907fdvm-rv32/c908v/c920v2/c920v3/c920v3-cp/c920v3-cp-xt/r908fdv/r908fdv-cp/c908x/c908x-cp/c908x-cp-xt/r920,Y,Y,Y
osal_core_matrix,c907fdvm,Y,Y,Y
osal_rhealstone_demo,e901-cp/e901b-cp/e901m-cp/e901bm-cp/e902/e907/e907f/e907fd/e907p/e907fp/e907fdp/c906/c906fd/c906fdv/c907/c907fd/c907fdv/c907fdvm/c908/c908v/c908i/c910v2/c910v3/c910v3-cp/c910v3-cp-xt/c920v2/c920v3/c920v3-cp/c920v3-cp-xt/r910/r908/r908fd/r908fdv/r908-cp/r908fd-cp/r908fdv-cp/r908-cp-xt/r908fd-cp-xt/r908fdv-cp-xt/c908x/c908x-cp/c908x-cp-xt,N,N,N
